scenario,policy,sla,cost
high_noise,baseline,0.5321100917431193,8.87014020857187
high_noise,predictive,0.0642201834862385,9.716501208565278
lag7,baseline,0.5321100917431193,3.122548695433327
lag7,predictive,0.0,6.264304881251745
normal,baseline,0.4954128440366973,6.850454685530217
normal,predictive,0.0,6.264304881251745
spikes,baseline,0.5504587155963303,6.006765342224105
spikes,predictive,0.0825688073394495,5.601786959075267
